rcp,year,gcm,iam,value
rcp45,2090,IPSL-CM5A-MR,high,18.130622369255704
rcp45,2091,IPSL-CM5A-MR,high,15.251909651336149
rcp45,2092,IPSL-CM5A-MR,high,17.40527576246251
rcp45,2093,IPSL-CM5A-MR,high,17.29165543310761
rcp45,2094,IPSL-CM5A-MR,high,13.769083934436601
rcp45,2095,IPSL-CM5A-MR,high,17.013767068921222
rcp45,2096,IPSL-CM5A-MR,high,18.343228087283688
rcp45,2097,IPSL-CM5A-MR,high,17.758319627464623
rcp45,2098,IPSL-CM5A-MR,high,19.540959462476565
rcp45,2099,IPSL-CM5A-MR,high,22.036090957182946
rcp45,2090,IPSL-CM5A-MR,low,20.683408688908898
rcp45,2091,IPSL-CM5A-MR,low,17.41882496154032
rcp45,2092,IPSL-CM5A-MR,low,19.813724215925134
rcp45,2093,IPSL-CM5A-MR,low,19.74750137201931
rcp45,2094,IPSL-CM5A-MR,low,15.633082396130948
rcp45,2095,IPSL-CM5A-MR,low,19.486606225977233
rcp45,2096,IPSL-CM5A-MR,low,21.078301860848086
rcp45,2097,IPSL-CM5A-MR,low,20.46126751334571
rcp45,2098,IPSL-CM5A-MR,low,22.50601860282716
rcp45,2099,IPSL-CM5A-MR,low,25.510315043790044
rcp45,2090,IPSL-CM5A-LR,low,17.26481815775354
rcp45,2091,IPSL-CM5A-LR,low,26.589165885591648
rcp45,2092,IPSL-CM5A-LR,low,19.143442609571686
rcp45,2093,IPSL-CM5A-LR,low,15.096226758270337
rcp45,2094,IPSL-CM5A-LR,low,20.07199996170318
rcp45,2095,IPSL-CM5A-LR,low,19.651115147566028
rcp45,2096,IPSL-CM5A-LR,low,21.52867370466969
rcp45,2097,IPSL-CM5A-LR,low,25.966956169776783
rcp45,2098,IPSL-CM5A-LR,low,20.692390379310595
rcp45,2099,IPSL-CM5A-LR,low,26.806245715168508
rcp45,2090,surrogate_GFDL-CM3_89,high,23.10872077200181
rcp45,2091,surrogate_GFDL-CM3_89,high,22.48097649808934
rcp45,2092,surrogate_GFDL-CM3_89,high,28.147796602495845
rcp45,2093,surrogate_GFDL-CM3_89,high,28.84043358956055
rcp45,2094,surrogate_GFDL-CM3_89,high,29.96104890257532
rcp45,2095,surrogate_GFDL-CM3_89,high,30.15190826699251
rcp45,2096,surrogate_GFDL-CM3_89,high,19.852038052441962
rcp45,2097,surrogate_GFDL-CM3_89,high,24.33973110024457
rcp45,2098,surrogate_GFDL-CM3_89,high,29.31121737553768
rcp45,2099,surrogate_GFDL-CM3_89,high,26.255827646970403
rcp45,2090,MPI-ESM-MR,high,-1.2765835343042633
rcp45,2091,MPI-ESM-MR,high,6.915545143601405
rcp45,2092,MPI-ESM-MR,high,3.166941311554096
rcp45,2093,MPI-ESM-MR,high,3.6342643448127583
rcp45,2094,MPI-ESM-MR,high,4.415978063661118
rcp45,2095,MPI-ESM-MR,high,7.192135287719331
rcp45,2096,MPI-ESM-MR,high,6.5463828802133435
rcp45,2097,MPI-ESM-MR,high,1.206834871014665
rcp45,2098,MPI-ESM-MR,high,14.02943659883136
rcp45,2099,MPI-ESM-MR,high,10.975856050449414
rcp45,2090,CanESM2,low,18.14083301018983
rcp45,2091,CanESM2,low,16.943358477096822
rcp45,2092,CanESM2,low,22.339106261831056
rcp45,2093,CanESM2,low,17.972872286440595
rcp45,2094,CanESM2,low,14.96122121086326
rcp45,2095,CanESM2,low,21.734951378173324
rcp45,2096,CanESM2,low,15.429336173929872
rcp45,2097,CanESM2,low,24.720499513309413
rcp45,2098,CanESM2,low,24.14375396241002
rcp45,2099,CanESM2,low,26.22802098726665
rcp45,2090,surrogate_GFDL-ESM2G_11,low,5.908218600139877
rcp45,2091,surrogate_GFDL-ESM2G_11,low,14.716100061300489
rcp45,2092,surrogate_GFDL-ESM2G_11,low,8.981216022117684
rcp45,2093,surrogate_GFDL-ESM2G_11,low,8.806510469163852
rcp45,2094,surrogate_GFDL-ESM2G_11,low,3.0270125680780477
rcp45,2095,surrogate_GFDL-ESM2G_11,low,16.956483886709837
rcp45,2096,surrogate_GFDL-ESM2G_11,low,8.768546482719433
rcp45,2097,surrogate_GFDL-ESM2G_11,low,13.20218321905636
rcp45,2098,surrogate_GFDL-ESM2G_11,low,25.28829061463589
rcp45,2099,surrogate_GFDL-ESM2G_11,low,4.218376204967509
rcp45,2090,GFDL-CM3,low,25.937359009313145
rcp45,2091,GFDL-CM3,low,25.226558226776202
rcp45,2092,GFDL-CM3,low,31.667467342057055
rcp45,2093,GFDL-CM3,low,32.74759227633591
rcp45,2094,GFDL-CM3,low,33.50788108335303
rcp45,2095,GFDL-CM3,low,34.27230154578585
rcp45,2096,GFDL-CM3,low,21.78212860206402
rcp45,2097,GFDL-CM3,low,27.06476585009613
rcp45,2098,GFDL-CM3,low,33.736946877590725
rcp45,2099,GFDL-CM3,low,29.36823398678177
rcp45,2090,CCSM4,high,14.131825923637177
rcp45,2091,CCSM4,high,9.800908904443634
rcp45,2092,CCSM4,high,5.604532392794521
rcp45,2093,CCSM4,high,10.835627268702149
rcp45,2094,CCSM4,high,8.156927222822755
rcp45,2095,CCSM4,high,7.856609149378034
rcp45,2096,CCSM4,high,9.26978823934948
rcp45,2097,CCSM4,high,5.625066140370142
rcp45,2098,CCSM4,high,2.9984474458702723
rcp45,2099,CCSM4,high,6.969737659210962
rcp45,2090,CCSM4,low,16.286370006030694
rcp45,2091,CCSM4,low,11.264194774863142
rcp45,2092,CCSM4,low,6.297971427689291
rcp45,2093,CCSM4,low,12.384640805584816
rcp45,2094,CCSM4,low,9.325566171193723
rcp45,2095,CCSM4,low,9.053639267807316
rcp45,2096,CCSM4,low,10.627263336869074
rcp45,2097,CCSM4,low,6.346642227306229
rcp45,2098,CCSM4,low,3.3077328109929054
rcp45,2099,CCSM4,low,8.061825987178244
rcp45,2090,bcc-csm1-1,low,10.021454545750029
rcp45,2091,bcc-csm1-1,low,9.223016903807528
rcp45,2092,bcc-csm1-1,low,12.784990315527562
rcp45,2093,bcc-csm1-1,low,10.50384564886803
rcp45,2094,bcc-csm1-1,low,14.823823140380373
rcp45,2095,bcc-csm1-1,low,19.98063149791019
rcp45,2096,bcc-csm1-1,low,17.220749112426027
rcp45,2097,bcc-csm1-1,low,14.928450883002075
rcp45,2098,bcc-csm1-1,low,11.682693681554333
rcp45,2099,bcc-csm1-1,low,13.029263497006049
rcp45,2090,CanESM2,high,15.899404304419626
rcp45,2091,CanESM2,high,14.881849997217312
rcp45,2092,CanESM2,high,19.568659493793398
rcp45,2093,CanESM2,high,15.70401868172418
rcp45,2094,CanESM2,high,13.10449332636886
rcp45,2095,CanESM2,high,18.931097625190546
rcp45,2096,CanESM2,high,13.47312556105991
rcp45,2097,CanESM2,high,21.42003572289767
rcp45,2098,CanESM2,high,20.830742657109987
rcp45,2099,CanESM2,high,22.619760737602157
rcp45,2090,GFDL-CM3,high,22.78300724135459
rcp45,2091,GFDL-CM3,high,22.188880874232893
rcp45,2092,GFDL-CM3,high,27.701726085537754
rcp45,2093,GFDL-CM3,high,28.569963292204193
rcp45,2094,GFDL-CM3,high,29.248687998858998
rcp45,2095,GFDL-CM3,high,29.827956439657623
rcp45,2096,GFDL-CM3,high,19.114014731401145
rcp45,2097,GFDL-CM3,high,23.579805374559555
rcp45,2098,GFDL-CM3,high,29.231664037493637
rcp45,2099,GFDL-CM3,high,25.42592801525729
rcp45,2090,MIROC-ESM-CHEM,high,26.972253660649294
rcp45,2091,MIROC-ESM-CHEM,high,21.038547373643784
rcp45,2092,MIROC-ESM-CHEM,high,18.39567641154227
rcp45,2093,MIROC-ESM-CHEM,high,23.935992442047564
rcp45,2094,MIROC-ESM-CHEM,high,19.469067023793343
rcp45,2095,MIROC-ESM-CHEM,high,20.65174978686172
rcp45,2096,MIROC-ESM-CHEM,high,29.055501878509755
rcp45,2097,MIROC-ESM-CHEM,high,21.702900597346485
rcp45,2098,MIROC-ESM-CHEM,high,23.235944392937373
rcp45,2099,MIROC-ESM-CHEM,high,23.21305820521971
rcp45,2090,MIROC-ESM,low,28.729201502579787
rcp45,2091,MIROC-ESM,low,37.31438218372324
rcp45,2092,MIROC-ESM,low,33.63622274573243
rcp45,2093,MIROC-ESM,low,28.28137006061877
rcp45,2094,MIROC-ESM,low,29.04136427753042
rcp45,2095,MIROC-ESM,low,26.00157070174601
rcp45,2096,MIROC-ESM,low,30.1688197626505
rcp45,2097,MIROC-ESM,low,20.110379954518457
rcp45,2098,MIROC-ESM,low,28.625188235224307
rcp45,2099,MIROC-ESM,low,23.51386116541662
rcp45,2090,surrogate_GFDL-CM3_99,high,43.93305521871992
rcp45,2091,surrogate_GFDL-CM3_99,high,43.531140139432026
rcp45,2092,surrogate_GFDL-CM3_99,high,50.49733221020062
rcp45,2093,surrogate_GFDL-CM3_99,high,51.81302921609265
rcp45,2094,surrogate_GFDL-CM3_99,high,52.790714235455106
rcp45,2095,surrogate_GFDL-CM3_99,high,54.212677714396975
rcp45,2096,surrogate_GFDL-CM3_99,high,41.39966592577304
rcp45,2097,surrogate_GFDL-CM3_99,high,47.24672302799341
rcp45,2098,surrogate_GFDL-CM3_99,high,52.95064514119097
rcp45,2099,surrogate_GFDL-CM3_99,high,50.44944283321481
rcp45,2090,surrogate_MRI-CGCM3_01,high,3.7400400937899594
rcp45,2091,surrogate_MRI-CGCM3_01,high,-1.3338716198648302
rcp45,2092,surrogate_MRI-CGCM3_01,high,6.477188451042899
rcp45,2093,surrogate_MRI-CGCM3_01,high,2.254514421604147
rcp45,2094,surrogate_MRI-CGCM3_01,high,7.348478187150882
rcp45,2095,surrogate_MRI-CGCM3_01,high,-0.11476633545526203
rcp45,2096,surrogate_MRI-CGCM3_01,high,4.015580687690668
rcp45,2097,surrogate_MRI-CGCM3_01,high,1.4436602153288216
rcp45,2098,surrogate_MRI-CGCM3_01,high,3.5428581330141764
rcp45,2099,surrogate_MRI-CGCM3_01,high,2.937881743791541
rcp45,2090,CESM1-BGC,low,12.939884781177694
rcp45,2091,CESM1-BGC,low,15.93596383156336
rcp45,2092,CESM1-BGC,low,9.788034499610047
rcp45,2093,CESM1-BGC,low,11.413361272531365
rcp45,2094,CESM1-BGC,low,10.493845540624863
rcp45,2095,CESM1-BGC,low,15.434813137132359
rcp45,2096,CESM1-BGC,low,13.823030893432486
rcp45,2097,CESM1-BGC,low,-0.9002446745755242
rcp45,2098,CESM1-BGC,low,15.990111205228091
rcp45,2099,CESM1-BGC,low,10.141725528872907
rcp45,2090,surrogate_MRI-CGCM3_11,high,5.168685748030248
rcp45,2091,surrogate_MRI-CGCM3_11,high,0.07902218079840705
rcp45,2092,surrogate_MRI-CGCM3_11,high,7.977107009689136
rcp45,2093,surrogate_MRI-CGCM3_11,high,3.474060252479752
rcp45,2094,surrogate_MRI-CGCM3_11,high,8.759581525969702
rcp45,2095,surrogate_MRI-CGCM3_11,high,1.370995888304535
rcp45,2096,surrogate_MRI-CGCM3_11,high,5.470778366892288
rcp45,2097,surrogate_MRI-CGCM3_11,high,2.946297214109419
rcp45,2098,surrogate_MRI-CGCM3_11,high,4.9610055609994195
rcp45,2099,surrogate_MRI-CGCM3_11,high,4.423609387264983
rcp45,2090,surrogate_GFDL-ESM2G_01,low,3.4705138857279922
rcp45,2091,surrogate_GFDL-ESM2G_01,low,12.274577350158486
rcp45,2092,surrogate_GFDL-ESM2G_01,low,6.464465816541056
rcp45,2093,surrogate_GFDL-ESM2G_01,low,6.1646882789701625
rcp45,2094,surrogate_GFDL-ESM2G_01,low,0.5389364869397635
rcp45,2095,surrogate_GFDL-ESM2G_01,low,14.103413739225235
rcp45,2096,surrogate_GFDL-ESM2G_01,low,5.964003536768659
rcp45,2097,surrogate_GFDL-ESM2G_01,low,10.383978219165712
rcp45,2098,surrogate_GFDL-ESM2G_01,low,22.068425820938437
rcp45,2099,surrogate_GFDL-ESM2G_01,low,1.4382418199081988
rcp45,2090,GFDL-ESM2M,high,10.640673996874826
rcp45,2091,GFDL-ESM2M,high,7.26354595288794
rcp45,2092,GFDL-ESM2M,high,9.835146734666383
rcp45,2093,GFDL-ESM2M,high,13.547759205427253
rcp45,2094,GFDL-ESM2M,high,10.572540792562505
rcp45,2095,GFDL-ESM2M,high,12.001417215537986
rcp45,2096,GFDL-ESM2M,high,9.392754118747565
rcp45,2097,GFDL-ESM2M,high,12.842539290396852
rcp45,2098,GFDL-ESM2M,high,7.470421368005828
rcp45,2099,GFDL-ESM2M,high,5.561252164037385
rcp45,2090,surrogate_CanESM2_99,low,38.071116840894646
rcp45,2091,surrogate_CanESM2_99,low,39.14830871622387
rcp45,2092,surrogate_CanESM2_99,low,42.11459369386933
rcp45,2093,surrogate_CanESM2_99,low,37.51947449202048
rcp45,2094,surrogate_CanESM2_99,low,35.93330329722512
rcp45,2095,surrogate_CanESM2_99,low,44.44418267211228
rcp45,2096,surrogate_CanESM2_99,low,39.4973259975784
rcp45,2097,surrogate_CanESM2_99,low,48.325763388132344
rcp45,2098,surrogate_CanESM2_99,low,49.658131781234445
rcp45,2099,surrogate_CanESM2_99,low,50.96197124351558
rcp45,2090,GFDL-ESM2G,low,6.766709427425447
rcp45,2091,GFDL-ESM2G,low,12.237603762417375
rcp45,2092,GFDL-ESM2G,low,8.605932744503962
rcp45,2093,GFDL-ESM2G,low,7.636067010463915
rcp45,2094,GFDL-ESM2G,low,2.1326038519127923
rcp45,2095,GFDL-ESM2G,low,15.187417378366904
rcp45,2096,GFDL-ESM2G,low,8.15283759611429
rcp45,2097,GFDL-ESM2G,low,12.42276123221734
rcp45,2098,GFDL-ESM2G,low,23.65378757396449
rcp45,2099,GFDL-ESM2G,low,3.154977139556277
rcp45,2090,NorESM1-M,high,13.349698922500838
rcp45,2091,NorESM1-M,high,21.97846998869476
rcp45,2092,NorESM1-M,high,17.80820809212779
rcp45,2093,NorESM1-M,high,6.123232407431534
rcp45,2094,NorESM1-M,high,8.60354099973755
rcp45,2095,NorESM1-M,high,11.559201275851507
rcp45,2096,NorESM1-M,high,19.13950630981375
rcp45,2097,NorESM1-M,high,15.940492424769795
rcp45,2098,NorESM1-M,high,16.932379255636558
rcp45,2099,NorESM1-M,high,16.674942138230076
rcp45,2090,surrogate_GFDL-CM3_94,high,28.13440578937963
rcp45,2091,surrogate_GFDL-CM3_94,high,27.60001077666676
rcp45,2092,surrogate_GFDL-CM3_94,high,33.42733189843992
rcp45,2093,surrogate_GFDL-CM3_94,high,34.23797810152981
rcp45,2094,surrogate_GFDL-CM3_94,high,35.421666051179976
rcp45,2095,surrogate_GFDL-CM3_94,high,35.72372792682097
rcp45,2096,surrogate_GFDL-CM3_94,high,24.87020927093434
rcp45,2097,surrogate_GFDL-CM3_94,high,29.606002058348878
rcp45,2098,surrogate_GFDL-CM3_94,high,34.69844928804226
rcp45,2099,surrogate_GFDL-CM3_94,high,31.882490878216135
rcp45,2090,GFDL-ESM2G,high,5.972170726389991
rcp45,2091,GFDL-ESM2G,high,10.63452379604691
rcp45,2092,GFDL-ESM2G,high,7.544794278726327
rcp45,2093,GFDL-ESM2G,high,6.7123853775283795
rcp45,2094,GFDL-ESM2G,high,1.9789364688525466
rcp45,2095,GFDL-ESM2G,high,13.11817639466236
rcp45,2096,GFDL-ESM2G,high,7.083226065123655
rcp45,2097,GFDL-ESM2G,high,10.752437669171389
rcp45,2098,GFDL-ESM2G,high,20.240121406342187
rcp45,2099,GFDL-ESM2G,high,2.810404393993682
rcp45,2090,CSIRO-Mk3-6-0,high,21.505167204365364
rcp45,2091,CSIRO-Mk3-6-0,high,6.242711849901161
rcp45,2092,CSIRO-Mk3-6-0,high,16.52641541088336
rcp45,2093,CSIRO-Mk3-6-0,high,21.139036845219916
rcp45,2094,CSIRO-Mk3-6-0,high,19.740588038831003
rcp45,2095,CSIRO-Mk3-6-0,high,12.639452685406816
rcp45,2096,CSIRO-Mk3-6-0,high,15.001859079229257
rcp45,2097,CSIRO-Mk3-6-0,high,23.006305762986006
rcp45,2098,CSIRO-Mk3-6-0,high,17.607041187256975
rcp45,2099,CSIRO-Mk3-6-0,high,18.81532994021881
rcp45,2090,surrogate_GFDL-ESM2G_01,high,3.110764301568307
rcp45,2091,surrogate_GFDL-ESM2G_01,high,10.653175202354202
rcp45,2092,surrogate_GFDL-ESM2G_01,high,5.686804365550271
rcp45,2093,surrogate_GFDL-ESM2G_01,high,5.429627592635936
rcp45,2094,surrogate_GFDL-ESM2G_01,high,0.5954382076045459
rcp45,2095,surrogate_GFDL-ESM2G_01,high,12.179209154391984
rcp45,2096,surrogate_GFDL-ESM2G_01,high,5.196195871855053
rcp45,2097,surrogate_GFDL-ESM2G_01,high,8.982088506947866
rcp45,2098,surrogate_GFDL-ESM2G_01,high,18.866813939138776
rcp45,2099,surrogate_GFDL-ESM2G_01,high,1.339635662487133
rcp45,2090,CNRM-CM5,low,7.5406085308077575
rcp45,2091,CNRM-CM5,low,4.421255001349461
rcp45,2092,CNRM-CM5,low,14.92811659911754
rcp45,2093,CNRM-CM5,low,19.726444600531213
rcp45,2094,CNRM-CM5,low,5.666271785438741
rcp45,2095,CNRM-CM5,low,5.474965282274949
rcp45,2096,CNRM-CM5,low,5.211864018256827
rcp45,2097,CNRM-CM5,low,17.058992292852867
rcp45,2098,CNRM-CM5,low,10.764327512622122
rcp45,2099,CNRM-CM5,low,18.17875535708169
rcp45,2090,CSIRO-Mk3-6-0,low,24.639772095545183
rcp45,2091,CSIRO-Mk3-6-0,low,6.8946136799256745
rcp45,2092,CSIRO-Mk3-6-0,low,18.867433084261354
rcp45,2093,CSIRO-Mk3-6-0,low,24.276830859139853
rcp45,2094,CSIRO-Mk3-6-0,low,22.627320456741813
rcp45,2095,CSIRO-Mk3-6-0,low,14.384851972555651
rcp45,2096,CSIRO-Mk3-6-0,low,17.201904296234435
rcp45,2097,CSIRO-Mk3-6-0,low,26.572626810978473
rcp45,2098,CSIRO-Mk3-6-0,low,20.280322253983698
rcp45,2099,CSIRO-Mk3-6-0,low,21.746139575705765
rcp45,2090,ACCESS1-0,high,29.476867687852128
rcp45,2091,ACCESS1-0,high,16.601660806434047
rcp45,2092,ACCESS1-0,high,26.097986501956242
rcp45,2093,ACCESS1-0,high,20.611193251827352
rcp45,2094,ACCESS1-0,high,14.076572961478895
rcp45,2095,ACCESS1-0,high,22.581200955316966
rcp45,2096,ACCESS1-0,high,16.12751628049552
rcp45,2097,ACCESS1-0,high,21.69552066767674
rcp45,2098,ACCESS1-0,high,25.399590025379187
rcp45,2099,ACCESS1-0,high,17.13928813805837
rcp45,2090,MPI-ESM-LR,high,12.88529532777742
rcp45,2091,MPI-ESM-LR,high,7.13432207681093
rcp45,2092,MPI-ESM-LR,high,4.0575296182301175
rcp45,2093,MPI-ESM-LR,high,5.4755147687068035
rcp45,2094,MPI-ESM-LR,high,3.252634343249243
rcp45,2095,MPI-ESM-LR,high,4.4758975354503745
rcp45,2096,MPI-ESM-LR,high,6.6778140417304925
rcp45,2097,MPI-ESM-LR,high,6.168956138529754
rcp45,2098,MPI-ESM-LR,high,12.549949829230187
rcp45,2099,MPI-ESM-LR,high,7.680182365200341
rcp45,2090,ACCESS1-0,low,33.736342131191925
rcp45,2091,ACCESS1-0,low,18.798854686975915
rcp45,2092,ACCESS1-0,low,29.872639181941945
rcp45,2093,ACCESS1-0,low,23.45416288915702
rcp45,2094,ACCESS1-0,low,15.888723953766482
rcp45,2095,ACCESS1-0,low,25.920084432323055
rcp45,2096,ACCESS1-0,low,18.317004508886438
rcp45,2097,ACCESS1-0,low,24.92996047223271
rcp45,2098,ACCESS1-0,low,29.40141759693094
rcp45,2099,ACCESS1-0,low,19.590115927155086
rcp45,2090,CNRM-CM5,high,6.638299273819405
rcp45,2091,CNRM-CM5,high,3.922063700816749
rcp45,2092,CNRM-CM5,high,12.99069787740041
rcp45,2093,CNRM-CM5,high,17.107217121187297
rcp45,2094,CNRM-CM5,high,5.004276450043832
rcp45,2095,CNRM-CM5,high,4.871947897795907
rcp45,2096,CNRM-CM5,high,4.5907205863111455
rcp45,2097,CNRM-CM5,high,14.663607762561162
rcp45,2098,CNRM-CM5,high,9.309827976946526
rcp45,2099,CNRM-CM5,high,15.665558523041367
rcp45,2090,surrogate_CanESM2_89,low,21.60982063119705
rcp45,2091,surrogate_CanESM2_89,low,22.43956654680493
rcp45,2092,surrogate_CanESM2_89,low,25.91373226020751
rcp45,2093,surrogate_CanESM2_89,low,22.725704212253667
rcp45,2094,surrogate_CanESM2_89,low,19.666049348209675
rcp45,2095,surrogate_CanESM2_89,low,27.0653978373237
rcp45,2096,surrogate_CanESM2_89,low,21.014937358190114
rcp45,2097,surrogate_CanESM2_89,low,29.908628208300204
rcp45,2098,surrogate_CanESM2_89,low,30.32098041655575
rcp45,2099,surrogate_CanESM2_89,low,31.743160654663733
rcp45,2090,surrogate_CanESM2_89,high,18.946021707812076
rcp45,2091,surrogate_CanESM2_89,high,19.688488008026038
rcp45,2092,surrogate_CanESM2_89,high,22.70148088899787
rcp45,2093,surrogate_CanESM2_89,high,19.860041018781256
rcp45,2094,surrogate_CanESM2_89,high,17.223036174579008
rcp45,2095,surrogate_CanESM2_89,high,23.56795561404259
rcp45,2096,surrogate_CanESM2_89,high,18.34452669650684
rcp45,2097,surrogate_CanESM2_89,high,25.918625102210136
rcp45,2098,surrogate_CanESM2_89,high,26.199046085163165
rcp45,2099,surrogate_CanESM2_89,high,27.418484509342456
rcp45,2090,MPI-ESM-LR,low,14.781379594221317
rcp45,2091,MPI-ESM-LR,low,8.130387261657026
rcp45,2092,MPI-ESM-LR,low,4.635494779949221
rcp45,2093,MPI-ESM-LR,low,6.249880468570555
rcp45,2094,MPI-ESM-LR,low,3.6558729376608867
rcp45,2095,MPI-ESM-LR,low,5.130144256015808
rcp45,2096,MPI-ESM-LR,low,7.6614889301857945
rcp45,2097,MPI-ESM-LR,low,7.084039009285228
rcp45,2098,MPI-ESM-LR,low,14.59343927918468
rcp45,2099,MPI-ESM-LR,low,8.85280859259452
rcp45,2090,surrogate_GFDL-ESM2G_11,high,5.2415658613339
rcp45,2091,surrogate_GFDL-ESM2G_11,high,12.78722056109481
rcp45,2092,surrogate_GFDL-ESM2G_11,high,7.883416070665756
rcp45,2093,surrogate_GFDL-ESM2G_11,high,7.739351391072326
rcp45,2094,surrogate_GFDL-ESM2G_11,high,2.762972040283777
rcp45,2095,surrogate_GFDL-ESM2G_11,high,14.659229383067684
rcp45,2096,surrogate_GFDL-ESM2G_11,high,7.6293972881157925
rcp45,2097,surrogate_GFDL-ESM2G_11,high,11.42442065985917
rcp45,2098,surrogate_GFDL-ESM2G_11,high,21.6553108694772
rcp45,2099,surrogate_GFDL-ESM2G_11,high,3.742438454186217
rcp45,2090,surrogate_MRI-CGCM3_06,low,5.28016533739816
rcp45,2091,surrogate_MRI-CGCM3_06,low,-0.57159796823226
rcp45,2092,surrogate_MRI-CGCM3_06,low,8.546930665996896
rcp45,2093,surrogate_MRI-CGCM3_06,low,3.4945441882541854
rcp45,2094,surrogate_MRI-CGCM3_06,low,9.595062414344035
rcp45,2095,surrogate_MRI-CGCM3_06,low,0.872556317899594
rcp45,2096,surrogate_MRI-CGCM3_06,low,5.667589463242039
rcp45,2097,surrogate_MRI-CGCM3_06,low,2.8152011147861975
rcp45,2098,surrogate_MRI-CGCM3_06,low,5.209263686572941
rcp45,2099,surrogate_MRI-CGCM3_06,low,4.559877741663113
rcp45,2090,MIROC5,low,15.350011269692839
rcp45,2091,MIROC5,low,19.771479138661437
rcp45,2092,MIROC5,low,24.309515572967747
rcp45,2093,MIROC5,low,22.58361099035413
rcp45,2094,MIROC5,low,24.975077900313345
rcp45,2095,MIROC5,low,25.732093138021135
rcp45,2096,MIROC5,low,28.551126259106535
rcp45,2097,MIROC5,low,12.868688151092316
rcp45,2098,MIROC5,low,19.95422384934136
rcp45,2099,MIROC5,low,17.963746608801095
rcp45,2090,surrogate_CanESM2_94,low,25.635171047550394
rcp45,2091,surrogate_CanESM2_94,low,26.5804682781186
rcp45,2092,surrogate_CanESM2_94,low,29.778343107365078
rcp45,2093,surrogate_CanESM2_94,low,26.19831213940504
rcp45,2094,surrogate_CanESM2_94,low,23.565605119674036
rcp45,2095,surrogate_CanESM2_94,low,31.13818582205988
rcp45,2096,surrogate_CanESM2_94,low,25.38973118029095
rcp45,2097,surrogate_CanESM2_94,low,34.21046291869395
rcp45,2098,surrogate_CanESM2_94,low,34.8116660639766
rcp45,2099,surrogate_CanESM2_94,low,36.301054485682656
rcp45,2090,surrogate_GFDL-CM3_89,low,26.328568442892607
rcp45,2091,surrogate_GFDL-CM3_89,low,25.554812159284012
rcp45,2092,surrogate_GFDL-CM3_89,low,32.19362278237499
rcp45,2093,surrogate_GFDL-CM3_89,low,33.06680770185629
rcp45,2094,surrogate_GFDL-CM3_89,low,34.33816597821594
rcp45,2095,surrogate_GFDL-CM3_89,low,34.65794451058256
rcp45,2096,surrogate_GFDL-CM3_89,low,22.629016003755684
rcp45,2097,surrogate_GFDL-CM3_89,low,27.94332305016649
rcp45,2098,surrogate_GFDL-CM3_89,low,33.81833469087538
rcp45,2099,surrogate_GFDL-CM3_89,low,30.32165871319224
rcp45,2090,bcc-csm1-1,high,8.832974156009014
rcp45,2091,bcc-csm1-1,high,8.176549570098517
rcp45,2092,bcc-csm1-1,high,11.169402138893178
rcp45,2093,bcc-csm1-1,high,9.25890008008826
rcp45,2094,bcc-csm1-1,high,12.919654963420257
rcp45,2095,bcc-csm1-1,high,17.337227004719388
rcp45,2096,bcc-csm1-1,high,14.971649778427581
rcp45,2097,bcc-csm1-1,high,12.992142808789556
rcp45,2098,bcc-csm1-1,high,10.1640030786448
rcp45,2099,bcc-csm1-1,high,11.306070544319597
rcp45,2090,surrogate_CanESM2_94,high,22.480863643227273
rcp45,2091,surrogate_CanESM2_94,high,23.323848990774323
rcp45,2092,surrogate_CanESM2_94,high,26.096200281898028
rcp45,2093,surrogate_CanESM2_94,high,22.90943192769766
rcp45,2094,surrogate_CanESM2_94,high,20.637291911566933
rcp45,2095,surrogate_CanESM2_94,high,27.128627692456586
rcp45,2096,surrogate_CanESM2_94,high,22.165815675354715
rcp45,2097,surrogate_CanESM2_94,high,29.665945112912762
rcp45,2098,surrogate_CanESM2_94,high,30.112093849964904
rcp45,2099,surrogate_CanESM2_94,high,31.386117835997503
rcp45,2090,surrogate_GFDL-CM3_99,low,49.9724442467301
rcp45,2091,surrogate_GFDL-CM3_99,low,49.45087188127615
rcp45,2092,surrogate_GFDL-CM3_99,low,57.6266190143899
rcp45,2093,surrogate_GFDL-CM3_99,low,59.237661085856494
rcp45,2094,surrogate_GFDL-CM3_99,low,60.36468422010846
rcp45,2095,surrogate_GFDL-CM3_99,low,62.12674944630161
rcp45,2096,surrogate_GFDL-CM3_99,low,47.24934203910275
rcp45,2097,surrogate_GFDL-CM3_99,low,54.109571177484995
rcp45,2098,surrogate_GFDL-CM3_99,low,60.890362167613446
rcp45,2099,surrogate_GFDL-CM3_99,low,58.07692548022244
rcp45,2090,MIROC-ESM-CHEM,low,30.784971507300586
rcp45,2091,MIROC-ESM-CHEM,low,23.99214979972116
rcp45,2092,MIROC-ESM-CHEM,low,20.867457846132435
rcp45,2093,MIROC-ESM-CHEM,low,27.449274039797032
rcp45,2094,MIROC-ESM-CHEM,low,22.191408823143178
rcp45,2095,MIROC-ESM-CHEM,low,23.684336217661752
rcp45,2096,MIROC-ESM-CHEM,low,33.468950047487105
rcp45,2097,MIROC-ESM-CHEM,low,24.93495215952831
rcp45,2098,MIROC-ESM-CHEM,low,26.71731063569448
rcp45,2099,MIROC-ESM-CHEM,low,26.700798801910086
rcp45,2090,MIROC-ESM,high,25.142934719758536
rcp45,2091,MIROC-ESM,high,32.50797533080439
rcp45,2092,MIROC-ESM,high,29.383904857266423
rcp45,2093,MIROC-ESM,high,24.67674295920342
rcp45,2094,MIROC-ESM,high,25.33540674123919
rcp45,2095,MIROC-ESM,high,22.70051422873107
rcp45,2096,MIROC-ESM,high,26.258349369405543
rcp45,2097,MIROC-ESM,high,17.642243731973036
rcp45,2098,MIROC-ESM,high,24.88299222441418
rcp45,2099,MIROC-ESM,high,20.53853806993844
rcp45,2090,IPSL-CM5A-LR,high,15.161568166787958
rcp45,2091,IPSL-CM5A-LR,high,23.201811634482755
rcp45,2092,IPSL-CM5A-LR,high,16.82501886873407
rcp45,2093,IPSL-CM5A-LR,high,13.231333629928093
rcp45,2094,IPSL-CM5A-LR,high,17.47955255197291
rcp45,2095,IPSL-CM5A-LR,high,17.151527053272115
rcp45,2096,IPSL-CM5A-LR,high,18.75720851879056
rcp45,2097,IPSL-CM5A-LR,high,22.523757441370506
rcp45,2098,IPSL-CM5A-LR,high,18.026569018966455
rcp45,2099,IPSL-CM5A-LR,high,23.23761386658656
rcp45,2090,GFDL-ESM2M,low,12.20963677097855
rcp45,2091,GFDL-ESM2M,low,8.238006825587572
rcp45,2092,GFDL-ESM2M,low,11.27386137753117
rcp45,2093,GFDL-ESM2M,low,15.6676093682934
rcp45,2094,GFDL-ESM2M,low,12.209588515796149
rcp45,2095,GFDL-ESM2M,low,13.892551045084133
rcp45,2096,GFDL-ESM2M,low,10.843310349880685
rcp45,2097,GFDL-ESM2M,low,14.834937009365731
rcp45,2098,GFDL-ESM2M,low,8.663359913953158
rcp45,2099,GFDL-ESM2M,low,6.38467587244137
rcp45,2090,surrogate_CanESM2_99,high,33.41971808679741
rcp45,2091,surrogate_CanESM2_99,high,34.37466868877395
rcp45,2092,surrogate_CanESM2_99,high,36.9373963543111
rcp45,2093,surrogate_CanESM2_99,high,32.85990738083781
rcp45,2094,surrogate_CanESM2_99,high,31.49576061519661
rcp45,2095,surrogate_CanESM2_99,high,38.76392505602595
rcp45,2096,surrogate_CanESM2_99,high,34.5124578597271
rcp45,2097,surrogate_CanESM2_99,high,41.976284223086594
rcp45,2098,surrogate_CanESM2_99,high,43.06546595462361
rcp45,2099,surrogate_CanESM2_99,high,44.16494471943746
rcp45,2090,surrogate_MRI-CGCM3_06,high,4.592673753734286
rcp45,2091,surrogate_MRI-CGCM3_06,high,-0.48989902576751815
rcp45,2092,surrogate_MRI-CGCM3_06,high,7.374095462530547
rcp45,2093,surrogate_MRI-CGCM3_06,high,3.0489021306172526
rcp45,2094,surrogate_MRI-CGCM3_06,high,8.249200860440462
rcp45,2095,surrogate_MRI-CGCM3_06,high,0.7889414501161931
rcp45,2096,surrogate_MRI-CGCM3_06,high,4.908843654597662
rcp45,2097,surrogate_MRI-CGCM3_06,high,2.4411702926485934
rcp45,2098,surrogate_MRI-CGCM3_06,high,4.470032585015195
rcp45,2099,surrogate_MRI-CGCM3_06,high,3.910222501703113
rcp45,2090,CESM1-BGC,high,11.315413759434598
rcp45,2091,CESM1-BGC,high,13.822517209232737
rcp45,2092,CESM1-BGC,high,8.60317714009606
rcp45,2093,CESM1-BGC,high,9.931663715097782
rcp45,2094,CESM1-BGC,high,9.117300306344239
rcp45,2095,CESM1-BGC,high,13.329733729937212
rcp45,2096,CESM1-BGC,high,11.974002823768586
rcp45,2097,CESM1-BGC,high,-0.6268889118889492
rcp45,2098,CESM1-BGC,high,13.804791991103782
rcp45,2099,CESM1-BGC,high,8.781803815774653
rcp45,2090,inmcm4,low,8.919307736335062
rcp45,2091,inmcm4,low,4.5250406132073255
rcp45,2092,inmcm4,low,3.791023639769864
rcp45,2093,inmcm4,low,3.978173581617343
rcp45,2094,inmcm4,low,7.965098863210583
rcp45,2095,inmcm4,low,0.21140776366714528
rcp45,2096,inmcm4,low,14.49233611065172
rcp45,2097,inmcm4,low,1.4729583104079838
rcp45,2098,inmcm4,low,2.852787076358163
rcp45,2099,inmcm4,low,7.315209352123121
rcp45,2090,surrogate_MRI-CGCM3_11,low,5.940142516535566
rcp45,2091,surrogate_MRI-CGCM3_11,low,0.08310225765061392
rcp45,2092,surrogate_MRI-CGCM3_11,low,9.23931859405566
rcp45,2093,surrogate_MRI-CGCM3_11,low,3.983216248178225
rcp45,2094,surrogate_MRI-CGCM3_11,low,10.180911461065216
rcp45,2095,surrogate_MRI-CGCM3_11,low,1.5454370884728454
rcp45,2096,surrogate_MRI-CGCM3_11,low,6.315101239132173
rcp45,2097,surrogate_MRI-CGCM3_11,low,3.398169638441807
rcp45,2098,surrogate_MRI-CGCM3_11,low,5.776387387594437
rcp45,2099,surrogate_MRI-CGCM3_11,low,5.153571757916688
rcp45,2090,MIROC5,high,13.40878700419589
rcp45,2091,MIROC5,high,17.214833961034966
rcp45,2092,MIROC5,high,21.087608106266895
rcp45,2093,MIROC5,high,19.598056239588193
rcp45,2094,MIROC5,high,21.636226723147086
rcp45,2095,MIROC5,high,22.23458942829794
rcp45,2096,MIROC5,high,24.635155942531973
rcp45,2097,MIROC5,high,11.202037040919882
rcp45,2098,MIROC5,high,17.217360353326466
rcp45,2099,MIROC5,high,15.554903552475933
rcp45,2090,surrogate_MRI-CGCM3_01,low,4.30222075185295
rcp45,2091,surrogate_MRI-CGCM3_01,low,-1.5436417621947183
rcp45,2092,surrogate_MRI-CGCM3_01,low,7.516489890165396
rcp45,2093,surrogate_MRI-CGCM3_01,low,2.5769285041547145
rcp45,2094,surrogate_MRI-CGCM3_01,low,8.556911316505223
rcp45,2095,surrogate_MRI-CGCM3_01,low,-0.17346235935949858
rcp45,2096,surrogate_MRI-CGCM3_01,low,4.637044393951801
rcp45,2097,surrogate_MRI-CGCM3_01,low,1.6585055186367725
rcp45,2098,surrogate_MRI-CGCM3_01,low,4.133784714557067
rcp45,2099,surrogate_MRI-CGCM3_01,low,3.4309539758720775
rcp45,2090,NorESM1-M,low,15.293850409626966
rcp45,2091,NorESM1-M,low,25.276659948213215
rcp45,2092,NorESM1-M,low,20.48507210614777
rcp45,2093,NorESM1-M,low,6.819836048320522
rcp45,2094,NorESM1-M,low,9.759988898922474
rcp45,2095,NorESM1-M,low,13.234790101944895
rcp45,2096,NorESM1-M,low,22.156927382080248
rcp45,2097,NorESM1-M,low,18.396460558256283
rcp45,2098,NorESM1-M,low,19.602100724351832
rcp45,2099,NorESM1-M,low,19.24666239050043
rcp45,2090,MRI-CGCM3,high,9.731087157901984
rcp45,2091,MRI-CGCM3,high,4.336744610777829
rcp45,2092,MRI-CGCM3,high,12.712814183070384
rcp45,2093,MRI-CGCM3,high,7.422492686395649
rcp45,2094,MRI-CGCM3,high,13.462581025395945
rcp45,2095,MRI-CGCM3,high,6.574535109287835
rcp45,2096,MRI-CGCM3,high,10.215029820796047
rcp45,2097,MRI-CGCM3,high,8.57304956178071
rcp45,2098,MRI-CGCM3,high,9.587357929657179
rcp45,2099,MRI-CGCM3,high,10.398788668615783
rcp45,2090,inmcm4,high,7.744716666876839
rcp45,2091,inmcm4,high,3.949037764046738
rcp45,2092,inmcm4,high,3.362877588145484
rcp45,2093,inmcm4,high,3.4970168771975283
rcp45,2094,inmcm4,high,6.906150949221125
rcp45,2095,inmcm4,high,0.2413808981579838
rcp45,2096,inmcm4,high,12.452956912604625
rcp45,2097,inmcm4,high,1.364865339788804
rcp45,2098,inmcm4,high,2.525128317043616
rcp45,2099,inmcm4,high,6.285816959044746
rcp45,2090,surrogate_GFDL-CM3_94,low,32.03957317157157
rcp45,2091,surrogate_GFDL-CM3_94,low,31.373760617755934
rcp45,2092,surrogate_GFDL-CM3_94,low,38.2060289911745
rcp45,2093,surrogate_GFDL-CM3_94,low,39.22029844358129
rcp45,2094,surrogate_GFDL-CM3_94,low,40.57008150936432
rcp45,2095,surrogate_GFDL-CM3_94,low,41.02383588581034
rcp45,2096,surrogate_GFDL-CM3_94,low,28.366834269352214
rcp45,2097,surrogate_GFDL-CM3_94,low,33.96198959057311
rcp45,2098,surrogate_GFDL-CM3_94,low,39.99435826785337
rcp45,2099,surrogate_GFDL-CM3_94,low,36.78585562383782
rcp45,2090,BNU-ESM,low,18.53386913591598
rcp45,2091,BNU-ESM,low,16.86461808321436
rcp45,2092,BNU-ESM,low,13.499314115534448
rcp45,2093,BNU-ESM,low,16.325780480483047
rcp45,2094,BNU-ESM,low,17.421810556374016
rcp45,2095,BNU-ESM,low,24.175283665097865
rcp45,2096,BNU-ESM,low,13.295342961918635
rcp45,2097,BNU-ESM,low,13.546385489347617
rcp45,2098,BNU-ESM,low,15.90452596938395
rcp45,2099,BNU-ESM,low,17.003684070727644
rcp45,2090,MRI-CGCM3,low,11.201812887814539
rcp45,2091,MRI-CGCM3,low,4.982052992774791
rcp45,2092,MRI-CGCM3,low,14.678094046148814
rcp45,2093,MRI-CGCM3,low,8.554631259136789
rcp45,2094,MRI-CGCM3,low,15.613359646943415
rcp45,2095,MRI-CGCM3,low,7.564033697780458
rcp45,2096,MRI-CGCM3,low,11.784100779905478
rcp45,2097,MRI-CGCM3,low,9.918738330998915
rcp45,2098,MRI-CGCM3,low,11.130174567148313
rcp45,2099,MRI-CGCM3,low,12.082969252104691
rcp45,2090,BNU-ESM,high,16.134365403158853
rcp45,2091,BNU-ESM,high,14.694670868767574
rcp45,2092,BNU-ESM,high,11.815507120554447
rcp45,2093,BNU-ESM,high,14.281889812036178
rcp45,2094,BNU-ESM,high,15.05542816901457
rcp45,2095,BNU-ESM,high,20.95708562096673
rcp45,2096,BNU-ESM,high,11.554106462561256
rcp45,2097,BNU-ESM,high,11.810629066430305
rcp45,2098,BNU-ESM,high,13.805645796508518
rcp45,2099,BNU-ESM,high,14.70749468349058
rcp45,2090,MPI-ESM-MR,low,-1.6873792016036258
rcp45,2091,MPI-ESM-MR,low,7.934120981882767
rcp45,2092,MPI-ESM-MR,low,3.4295112237492336
rcp45,2093,MPI-ESM-MR,low,4.104282430008505
rcp45,2094,MPI-ESM-MR,low,4.981809381934607
rcp45,2095,MPI-ESM-MR,low,8.148564288388945
rcp45,2096,MPI-ESM-MR,low,7.5262853030380565
rcp45,2097,MPI-ESM-MR,low,1.2882856495292698
rcp45,2098,MPI-ESM-MR,low,16.416291247324335
rcp45,2099,MPI-ESM-MR,low,12.756967674967099
rcp85,2090,IPSL-CM5A-MR,high,50.545649657352875
rcp85,2091,IPSL-CM5A-MR,high,42.9640794814714
rcp85,2092,IPSL-CM5A-MR,high,46.40127277459696
rcp85,2093,IPSL-CM5A-MR,high,48.92831495443934
rcp85,2094,IPSL-CM5A-MR,high,44.42901342203178
rcp85,2095,IPSL-CM5A-MR,high,47.85101800734199
rcp85,2096,IPSL-CM5A-MR,high,47.25480187949857
rcp85,2097,IPSL-CM5A-MR,high,52.01171992962785
rcp85,2098,IPSL-CM5A-MR,high,52.10758040608579
rcp85,2099,IPSL-CM5A-MR,high,58.834422880599554
rcp85,2090,IPSL-CM5A-MR,low,57.66583802473143
rcp85,2091,IPSL-CM5A-MR,low,48.86972771483904
rcp85,2092,IPSL-CM5A-MR,low,52.831065685964276
rcp85,2093,IPSL-CM5A-MR,low,55.89749184173224
rcp85,2094,IPSL-CM5A-MR,low,50.58337820520574
rcp85,2095,IPSL-CM5A-MR,low,54.69428778403854
rcp85,2096,IPSL-CM5A-MR,low,54.101192676863306
rcp85,2097,IPSL-CM5A-MR,low,59.5940061501514
rcp85,2098,IPSL-CM5A-MR,low,59.75663389793595
rcp85,2099,IPSL-CM5A-MR,low,67.7374028533218
rcp85,2090,IPSL-CM5A-LR,low,41.08036449706467
rcp85,2091,IPSL-CM5A-LR,low,55.6174950373987
rcp85,2092,IPSL-CM5A-LR,low,49.49115717548686
rcp85,2093,IPSL-CM5A-LR,low,55.226912142881055
rcp85,2094,IPSL-CM5A-LR,low,53.222325709654314
rcp85,2095,IPSL-CM5A-LR,low,61.08271744268505
rcp85,2096,IPSL-CM5A-LR,low,64.19867520825923
rcp85,2097,IPSL-CM5A-LR,low,55.09885300681151
rcp85,2098,IPSL-CM5A-LR,low,58.25830270129788
rcp85,2099,IPSL-CM5A-LR,low,65.13185260495092
rcp85,2090,surrogate_GFDL-CM3_89,high,66.39924383833159
rcp85,2091,surrogate_GFDL-CM3_89,high,59.30578261552791
rcp85,2092,surrogate_GFDL-CM3_89,high,74.43338536038088
rcp85,2093,surrogate_GFDL-CM3_89,high,69.861097864592125
rcp85,2094,surrogate_GFDL-CM3_89,high,77.59660207233208
rcp85,2095,surrogate_GFDL-CM3_89,high,80.37190549098555
rcp85,2096,surrogate_GFDL-CM3_89,high,74.96652340342314
rcp85,2097,surrogate_GFDL-CM3_89,high,88.68251807581555
rcp85,2098,surrogate_GFDL-CM3_89,high,88.83123354319022
rcp85,2099,surrogate_GFDL-CM3_89,high,85.08469729004689
rcp85,2090,MPI-ESM-MR,high,19.43388082357454
rcp85,2091,MPI-ESM-MR,high,32.69701889940641
rcp85,2092,MPI-ESM-MR,high,12.442503828294406
rcp85,2093,MPI-ESM-MR,high,22.682284276960388
rcp85,2094,MPI-ESM-MR,high,15.614977363017928
rcp85,2095,MPI-ESM-MR,high,25.141899568265103
rcp85,2096,MPI-ESM-MR,high,23.46033099110098
rcp85,2097,MPI-ESM-MR,high,29.21333329465649
rcp85,2098,MPI-ESM-MR,high,31.742668763127003
rcp85,2099,MPI-ESM-MR,high,20.972352159721428
rcp85,2090,CanESM2,high,37.45632402444573
rcp85,2091,CanESM2,high,27.032037161787496
rcp85,2092,CanESM2,high,40.20644368605175
rcp85,2093,CanESM2,high,39.473669283561115
rcp85,2094,CanESM2,high,38.55545332834186
rcp85,2095,CanESM2,high,39.60016012620264
rcp85,2096,CanESM2,high,38.15772127288966
rcp85,2097,CanESM2,high,42.719231129351066
rcp85,2098,CanESM2,high,36.71751616753621
rcp85,2099,CanESM2,high,43.525633600472574
rcp85,2090,CanESM2,low,42.687102517584876
rcp85,2091,CanESM2,low,30.630475146905255
rcp85,2092,CanESM2,low,45.95662072650863
rcp85,2093,CanESM2,low,45.199298445745086
rcp85,2094,CanESM2,low,44.09745751192178
rcp85,2095,CanESM2,low,45.36634699088506
rcp85,2096,CanESM2,low,43.718128971235025
rcp85,2097,CanESM2,low,49.07333345219458
rcp85,2098,CanESM2,low,42.063587187762316
rcp85,2099,CanESM2,low,50.12601636472056
rcp85,2090,surrogate_GFDL-ESM2G_11,low,25.359086804538283
rcp85,2091,surrogate_GFDL-ESM2G_11,low,30.36643757668668
rcp85,2092,surrogate_GFDL-ESM2G_11,low,25.72725438852137
rcp85,2093,surrogate_GFDL-ESM2G_11,low,24.91995686159727
rcp85,2094,surrogate_GFDL-ESM2G_11,low,21.703122415523648
rcp85,2095,surrogate_GFDL-ESM2G_11,low,33.452084082928636
rcp85,2096,surrogate_GFDL-ESM2G_11,low,21.368371545353096
rcp85,2097,surrogate_GFDL-ESM2G_11,low,22.05517743844124
rcp85,2098,surrogate_GFDL-ESM2G_11,low,24.700333516922253
rcp85,2099,surrogate_GFDL-ESM2G_11,low,20.29687300323777
rcp85,2090,GFDL-CM3,low,61.01844076141782
rcp85,2091,GFDL-CM3,low,52.205861424757686
rcp85,2092,GFDL-CM3,low,68.2455026831732
rcp85,2093,GFDL-CM3,low,61.61759500722192
rcp85,2094,GFDL-CM3,low,68.92205979816694
rcp85,2095,GFDL-CM3,low,70.23212573559655
rcp85,2096,GFDL-CM3,low,63.9933182747682
rcp85,2097,GFDL-CM3,low,77.8248568681817
rcp85,2098,GFDL-CM3,low,76.68473089528915
rcp85,2099,GFDL-CM3,low,71.28915550608558
rcp85,2090,CCSM4,high,26.923967345872775
rcp85,2091,CCSM4,high,22.832474640635837
rcp85,2092,CCSM4,high,29.152198648411066
rcp85,2093,CCSM4,high,32.95372284936416
rcp85,2094,CCSM4,high,25.633517529243772
rcp85,2095,CCSM4,high,30.254672347771326
rcp85,2096,CCSM4,high,33.54635447329552
rcp85,2097,CCSM4,high,23.567957559816076
rcp85,2098,CCSM4,high,25.034021994770594
rcp85,2099,CCSM4,high,24.702255941124342
rcp85,2090,CCSM4,low,30.756973772640713
rcp85,2091,CCSM4,low,26.04820077413303
rcp85,2092,CCSM4,low,33.36535122988369
rcp85,2093,CCSM4,low,37.80309043503408
rcp85,2094,CCSM4,low,29.287619034724916
rcp85,2095,CCSM4,low,34.73925994109363
rcp85,2096,CCSM4,low,38.55119947835135
rcp85,2097,CCSM4,low,26.866985369396694
rcp85,2098,CCSM4,low,28.65405845471436
rcp85,2099,CCSM4,low,28.341110365585624
rcp85,2090,bcc-csm1-1,low,40.96090178824701
rcp85,2091,bcc-csm1-1,low,39.45851949121545
rcp85,2092,bcc-csm1-1,low,43.870144470438376
rcp85,2093,bcc-csm1-1,low,42.652712917030385
rcp85,2094,bcc-csm1-1,low,33.80471427648807
rcp85,2095,bcc-csm1-1,low,41.19335167172791
rcp85,2096,bcc-csm1-1,low,47.087687178060136
rcp85,2097,bcc-csm1-1,low,38.52831912795415
rcp85,2098,bcc-csm1-1,low,40.97776775280547
rcp85,2099,bcc-csm1-1,low,35.083801943435176
rcp85,2090,surrogate_GFDL-ESM2G_01,low,21.8987855055179
rcp85,2091,surrogate_GFDL-ESM2G_01,low,26.176638557722548
rcp85,2092,surrogate_GFDL-ESM2G_01,low,21.694314677271414
rcp85,2093,surrogate_GFDL-ESM2G_01,low,20.61019973988647
rcp85,2094,surrogate_GFDL-ESM2G_01,low,17.30705000375755
rcp85,2095,surrogate_GFDL-ESM2G_01,low,28.802488282541578
rcp85,2096,surrogate_GFDL-ESM2G_01,low,17.158571531593232
rcp85,2097,surrogate_GFDL-ESM2G_01,low,17.59460730554014
rcp85,2098,surrogate_GFDL-ESM2G_01,low,20.35394137205654
rcp85,2099,surrogate_GFDL-ESM2G_01,low,15.607497809745812
rcp85,2090,GFDL-CM3,high,53.509837091182675
rcp85,2091,GFDL-CM3,high,45.91072382157034
rcp85,2092,GFDL-CM3,high,59.74024270210756
rcp85,2093,GFDL-CM3,high,53.938895710571025
rcp85,2094,GFDL-CM3,high,60.22341717363018
rcp85,2095,GFDL-CM3,high,61.30636075537782
rcp85,2096,GFDL-CM3,high,55.93465222372781
rcp85,2097,GFDL-CM3,high,67.71185095593118
rcp85,2098,GFDL-CM3,high,66.64865697504516
rcp85,2099,GFDL-CM3,high,62.04532271754727
rcp85,2090,MIROC-ESM-CHEM,high,51.624783414619024
rcp85,2091,MIROC-ESM-CHEM,high,58.0023284163966
rcp85,2092,MIROC-ESM-CHEM,high,63.5207054617162
rcp85,2093,MIROC-ESM-CHEM,high,64.182871636023
rcp85,2094,MIROC-ESM-CHEM,high,63.903730972022366
rcp85,2095,MIROC-ESM-CHEM,high,73.71363207404451
rcp85,2096,MIROC-ESM-CHEM,high,70.36936892251012
rcp85,2097,MIROC-ESM-CHEM,high,75.72247196810706
rcp85,2098,MIROC-ESM-CHEM,high,75.00608876144481
rcp85,2099,MIROC-ESM-CHEM,high,76.53782499725452
rcp85,2090,MIROC-ESM,low,60.96689722182925
rcp85,2091,MIROC-ESM,low,62.55325131933209
rcp85,2092,MIROC-ESM,low,53.27272513443435
rcp85,2093,MIROC-ESM,low,63.25903395205405
rcp85,2094,MIROC-ESM,low,56.39180781222368
rcp85,2095,MIROC-ESM,low,77.00896291400572
rcp85,2096,MIROC-ESM,low,63.98149575508001
rcp85,2097,MIROC-ESM,low,67.68031775085107
rcp85,2098,MIROC-ESM,low,68.42033821379576
rcp85,2099,MIROC-ESM,low,63.92772625062585
rcp85,2090,surrogate_GFDL-CM3_99,high,125.14766353094267
rcp85,2091,surrogate_GFDL-CM3_99,high,117.65441590504248
rcp85,2092,surrogate_GFDL-CM3_99,high,137.82596942127603
rcp85,2093,surrogate_GFDL-CM3_99,high,134.70986766846406
rcp85,2094,surrogate_GFDL-CM3_99,high,145.10010349515397
rcp85,2095,surrogate_GFDL-CM3_99,high,150.5901812109237
rcp85,2096,surrogate_GFDL-CM3_99,high,144.96151383298954
rcp85,2097,surrogate_GFDL-CM3_99,high,163.75824217870226
rcp85,2098,surrogate_GFDL-CM3_99,high,168.5764832259502
rcp85,2099,surrogate_GFDL-CM3_99,high,167.32811387414813
rcp85,2090,surrogate_MRI-CGCM3_01,high,10.922259330680628
rcp85,2091,surrogate_MRI-CGCM3_01,high,7.134162912539946
rcp85,2092,surrogate_MRI-CGCM3_01,high,16.76706750790831
rcp85,2093,surrogate_MRI-CGCM3_01,high,16.465932987909742
rcp85,2094,surrogate_MRI-CGCM3_01,high,13.196132641830815
rcp85,2095,surrogate_MRI-CGCM3_01,high,16.124035680887513
rcp85,2096,surrogate_MRI-CGCM3_01,high,17.323079285717938
rcp85,2097,surrogate_MRI-CGCM3_01,high,13.029724256167038
rcp85,2098,surrogate_MRI-CGCM3_01,high,16.711540191688794
rcp85,2099,surrogate_MRI-CGCM3_01,high,16.443500554568526
rcp85,2090,CESM1-BGC,low,28.76598440451948
rcp85,2091,CESM1-BGC,low,32.09775569028721
rcp85,2092,CESM1-BGC,low,29.772684798073882
rcp85,2093,CESM1-BGC,low,41.62518107255732
rcp85,2094,CESM1-BGC,low,35.82868956417251
rcp85,2095,CESM1-BGC,low,38.08948883412966
rcp85,2096,CESM1-BGC,low,33.70409482724321
rcp85,2097,CESM1-BGC,low,32.73238527824982
rcp85,2098,CESM1-BGC,low,30.12030890561394
rcp85,2099,CESM1-BGC,low,30.69266595899774
rcp85,2090,surrogate_MRI-CGCM3_11,high,13.737682263643991
rcp85,2091,surrogate_MRI-CGCM3_11,high,9.974344645621876
rcp85,2092,surrogate_MRI-CGCM3_11,high,20.000757411363583
rcp85,2093,surrogate_MRI-CGCM3_11,high,19.70616730590077
rcp85,2094,surrogate_MRI-CGCM3_11,high,16.3324941773119
rcp85,2095,surrogate_MRI-CGCM3_11,high,19.52474727780869
rcp85,2096,surrogate_MRI-CGCM3_11,high,20.86766176319355
rcp85,2097,surrogate_MRI-CGCM3_11,high,16.663802585034734
rcp85,2098,surrogate_MRI-CGCM3_11,high,20.23531534583695
rcp85,2099,surrogate_MRI-CGCM3_11,high,20.119005957527293
rcp85,2090,surrogate_GFDL-ESM2G_06,high,21.119214083275313
rcp85,2091,surrogate_GFDL-ESM2G_06,high,25.1786085308124
rcp85,2092,surrogate_GFDL-ESM2G_06,high,21.36448388993226
rcp85,2093,surrogate_GFDL-ESM2G_06,high,20.548759607204072
rcp85,2094,surrogate_GFDL-ESM2G_06,high,17.73413132813154
rcp85,2095,surrogate_GFDL-ESM2G_06,high,27.624139535331242
rcp85,2096,surrogate_GFDL-ESM2G_06,high,17.45822415050646
rcp85,2097,surrogate_GFDL-ESM2G_06,high,18.090200870901114
rcp85,2098,surrogate_GFDL-ESM2G_06,high,20.308084550052016
rcp85,2099,surrogate_GFDL-ESM2G_06,high,16.263409100611256
rcp85,2090,surrogate_GFDL-ESM2G_01,high,19.142854207670148
rcp85,2091,surrogate_GFDL-ESM2G_01,high,22.751810265932487
rcp85,2092,surrogate_GFDL-ESM2G_01,high,19.00448325044532
rcp85,2093,surrogate_GFDL-ESM2G_01,high,18.031545140074186
rcp85,2094,surrogate_GFDL-ESM2G_01,high,15.20730863153814
rcp85,2095,surrogate_GFDL-ESM2G_01,high,24.952692554690444
rcp85,2096,surrogate_GFDL-ESM2G_01,high,15.037121164613925
rcp85,2097,surrogate_GFDL-ESM2G_01,high,15.395067211331382
rcp85,2098,surrogate_GFDL-ESM2G_01,high,17.70364922988742
rcp85,2099,surrogate_GFDL-ESM2G_01,high,13.593968990741754
rcp85,2090,surrogate_CanESM2_99,low,92.75027429032237
rcp85,2091,surrogate_CanESM2_99,low,79.62689606482814
rcp85,2092,surrogate_CanESM2_99,low,100.49200108166383
rcp85,2093,surrogate_CanESM2_99,low,99.7232181950801
rcp85,2094,surrogate_CanESM2_99,low,100.01767987949297
rcp85,2095,surrogate_CanESM2_99,low,104.18943768671436
rcp85,2096,surrogate_CanESM2_99,low,104.9833872075389
rcp85,2097,surrogate_CanESM2_99,low,115.61001116324114
rcp85,2098,surrogate_CanESM2_99,low,105.50548882338046
rcp85,2099,surrogate_CanESM2_99,low,114.672300114332
rcp85,2090,GFDL-ESM2G,low,26.39246375255699
rcp85,2091,GFDL-ESM2G,low,32.82383779945731
rcp85,2092,GFDL-ESM2G,low,28.217844447916328
rcp85,2093,GFDL-ESM2G,low,26.981597264918992
rcp85,2094,GFDL-ESM2G,low,23.390633384907602
rcp85,2095,GFDL-ESM2G,low,36.171392032262375
rcp85,2096,GFDL-ESM2G,low,22.535953549567605
rcp85,2097,GFDL-ESM2G,low,24.13185633586535
rcp85,2098,GFDL-ESM2G,low,26.901421279360104
rcp85,2099,GFDL-ESM2G,low,21.42628943887493
rcp85,2090,NorESM1-M,high,39.58311125893669
rcp85,2091,NorESM1-M,high,35.24461623033273
rcp85,2092,NorESM1-M,high,25.098201387363627
rcp85,2093,NorESM1-M,high,28.223459950190865
rcp85,2094,NorESM1-M,high,27.239085361590753
rcp85,2095,NorESM1-M,high,30.871350229571455
rcp85,2096,NorESM1-M,high,36.9295042970604
rcp85,2097,NorESM1-M,high,29.84654635952282
rcp85,2098,NorESM1-M,high,38.75993622038394
rcp85,2099,NorESM1-M,high,42.78228975641738
rcp85,2090,surrogate_GFDL-CM3_94,high,79.99037044316808
rcp85,2091,surrogate_GFDL-CM3_94,high,72.61321933795838
rcp85,2092,surrogate_GFDL-CM3_94,high,88.74124151955972
rcp85,2093,surrogate_GFDL-CM3_94,high,84.23553060929618
rcp85,2094,surrogate_GFDL-CM3_94,high,92.29225866994659
rcp85,2095,surrogate_GFDL-CM3_94,high,95.23936610413472
rcp85,2096,surrogate_GFDL-CM3_94,high,89.1281702514746
rcp85,2097,surrogate_GFDL-CM3_94,high,102.9556499614007
rcp85,2098,surrogate_GFDL-CM3_94,high,103.60603253148896
rcp85,2099,surrogate_GFDL-CM3_94,high,100.38506137098857
rcp85,2090,GFDL-ESM2G,high,23.089941333799278
rcp85,2091,GFDL-ESM2G,high,28.585626768749606
rcp85,2092,GFDL-ESM2G,high,24.70975728705948
rcp85,2093,GFDL-ESM2G,high,23.610653667373345
rcp85,2094,GFDL-ESM2G,high,20.52057858068202
rcp85,2095,GFDL-ESM2G,high,31.388575737062368
rcp85,2096,GFDL-ESM2G,high,19.74150255236844
rcp85,2097,GFDL-ESM2G,high,21.09955515545806
rcp85,2098,GFDL-ESM2G,high,23.393225155188162
rcp85,2099,GFDL-ESM2G,high,18.65255431364948
rcp85,2090,CSIRO-Mk3-6-0,high,36.68164777913395
rcp85,2091,CSIRO-Mk3-6-0,high,33.04349110904399
rcp85,2092,CSIRO-Mk3-6-0,high,31.682295692623175
rcp85,2093,CSIRO-Mk3-6-0,high,39.044342147432005
rcp85,2094,CSIRO-Mk3-6-0,high,38.41377533450378
rcp85,2095,CSIRO-Mk3-6-0,high,37.50695305049687
rcp85,2096,CSIRO-Mk3-6-0,high,37.10811851978868
rcp85,2097,CSIRO-Mk3-6-0,high,37.789663430531064
rcp85,2098,CSIRO-Mk3-6-0,high,37.73488951780451
rcp85,2099,CSIRO-Mk3-6-0,high,38.61249562379594
rcp85,2090,surrogate_GFDL-ESM2G_06,low,24.14888574539646
rcp85,2091,surrogate_GFDL-ESM2G_06,low,28.9457310674154
rcp85,2092,surrogate_GFDL-ESM2G_06,low,24.392461561658322
rcp85,2093,surrogate_GFDL-ESM2G_06,low,23.490237529548565
rcp85,2094,surrogate_GFDL-ESM2G_06,low,20.20311785368942
rcp85,2095,surrogate_GFDL-ESM2G_06,low,31.86871752603298
rcp85,2096,surrogate_GFDL-ESM2G_06,low,19.933027760471816
rcp85,2097,surrogate_GFDL-ESM2G_06,low,20.69128517997174
rcp85,2098,surrogate_GFDL-ESM2G_06,low,23.354255203852567
rcp85,2099,surrogate_GFDL-ESM2G_06,low,18.68040845022624
rcp85,2090,CNRM-CM5,low,21.587545805508032
rcp85,2091,CNRM-CM5,low,23.118734889814064
rcp85,2092,CNRM-CM5,low,13.942241430006638
rcp85,2093,CNRM-CM5,low,21.859597627552105
rcp85,2094,CNRM-CM5,low,33.97434525219589
rcp85,2095,CNRM-CM5,low,34.32112333742514
rcp85,2096,CNRM-CM5,low,23.667030508295927
rcp85,2097,CNRM-CM5,low,33.9175092087311
rcp85,2098,CNRM-CM5,low,33.05533036238415
rcp85,2099,CNRM-CM5,low,35.20765042568556
rcp85,2090,CSIRO-Mk3-6-0,low,41.93787465451436
rcp85,2091,CSIRO-Mk3-6-0,low,37.69164820451705
rcp85,2092,CSIRO-Mk3-6-0,low,36.17652498271291
rcp85,2093,CSIRO-Mk3-6-0,low,44.68763395887117
rcp85,2094,CSIRO-Mk3-6-0,low,44.00474529696081
rcp85,2095,CSIRO-Mk3-6-0,low,42.97176917827978
rcp85,2096,CSIRO-Mk3-6-0,low,42.56182972914428
rcp85,2097,CSIRO-Mk3-6-0,low,43.36211468843239
rcp85,2098,CSIRO-Mk3-6-0,low,43.371827989664034
rcp85,2099,CSIRO-Mk3-6-0,low,44.506976673984774
rcp85,2090,ACCESS1-0,high,42.88240758525808
rcp85,2091,ACCESS1-0,high,45.35828759711474
rcp85,2092,ACCESS1-0,high,55.822801380779175
rcp85,2093,ACCESS1-0,high,32.58838792241894
rcp85,2094,ACCESS1-0,high,57.87532778110229
rcp85,2095,ACCESS1-0,high,50.97496901038805
rcp85,2096,ACCESS1-0,high,50.23941215181542
rcp85,2097,ACCESS1-0,high,44.993404478772476
rcp85,2098,ACCESS1-0,high,46.45452081175743
rcp85,2099,ACCESS1-0,high,46.893281057736495
rcp85,2090,MPI-ESM-LR,high,26.68957752622842
rcp85,2091,MPI-ESM-LR,high,13.348344664156041
rcp85,2092,MPI-ESM-LR,high,18.32608776866399
rcp85,2093,MPI-ESM-LR,high,32.59489303233031
rcp85,2094,MPI-ESM-LR,high,28.344183520226107
rcp85,2095,MPI-ESM-LR,high,14.646455769300562
rcp85,2096,MPI-ESM-LR,high,21.348045995540254
rcp85,2097,MPI-ESM-LR,high,27.387829237258277
rcp85,2098,MPI-ESM-LR,high,22.045583607701513
rcp85,2099,MPI-ESM-LR,high,23.781632674950806
rcp85,2090,ACCESS1-0,low,48.852748895418515
rcp85,2091,ACCESS1-0,low,51.682382201289514
rcp85,2092,ACCESS1-0,low,63.87025977655229
rcp85,2093,ACCESS1-0,low,36.93122436082016
rcp85,2094,ACCESS1-0,low,66.39079528986449
rcp85,2095,ACCESS1-0,low,58.47955271260544
rcp85,2096,ACCESS1-0,low,57.52183132918782
rcp85,2097,ACCESS1-0,low,51.51622871195212
rcp85,2098,ACCESS1-0,low,53.37443071443793
rcp85,2099,ACCESS1-0,low,53.80437271498795
rcp85,2090,CNRM-CM5,high,18.88606970269017
rcp85,2091,CNRM-CM5,high,20.175573484251302
rcp85,2092,CNRM-CM5,high,12.31227476563561
rcp85,2093,CNRM-CM5,high,19.071315121451605
rcp85,2094,CNRM-CM5,high,29.41899260134694
rcp85,2095,CNRM-CM5,high,29.783448816986834
rcp85,2096,CNRM-CM5,high,20.61689436813518
rcp85,2097,CNRM-CM5,high,29.3405752058628
rcp85,2098,CNRM-CM5,high,28.599493518059983
rcp85,2099,CNRM-CM5,high,30.424477275628607
rcp85,2090,surrogate_CanESM2_89,low,53.83387842409783
rcp85,2091,surrogate_CanESM2_89,low,41.942890858555856
rcp85,2092,surrogate_CanESM2_89,low,59.00785745431371
rcp85,2093,surrogate_CanESM2_89,low,58.226524328758785
rcp85,2094,surrogate_CanESM2_89,low,57.816931227303414
rcp85,2095,surrogate_CanESM2_89,low,60.37810616560042
rcp85,2096,surrogate_CanESM2_89,low,59.69575064562464
rcp85,2097,surrogate_CanESM2_89,low,66.43017385363171
rcp85,2098,surrogate_CanESM2_89,low,57.74585212193646
rcp85,2099,surrogate_CanESM2_89,low,67.33081402612557
rcp85,2090,surrogate_CanESM2_89,high,47.215952566118986
rcp85,2091,surrogate_CanESM2_89,high,36.954124558106905
rcp85,2092,surrogate_CanESM2_89,high,51.62266641306855
rcp85,2093,surrogate_CanESM2_89,high,50.870041229495136
rcp85,2094,surrogate_CanESM2_89,high,50.54922988056325
rcp85,2095,surrogate_CanESM2_89,high,52.71344757040934
rcp85,2096,surrogate_CanESM2_89,high,52.082409880298016
rcp85,2097,surrogate_CanESM2_89,high,57.84237416137893
rcp85,2098,surrogate_CanESM2_89,high,50.37348372795023
rcp85,2099,surrogate_CanESM2_89,high,58.5301077992642
rcp85,2090,MPI-ESM-LR,low,30.538047014872927
rcp85,2091,MPI-ESM-LR,low,15.089274898767052
rcp85,2092,MPI-ESM-LR,low,20.92493132499055
rcp85,2093,MPI-ESM-LR,low,37.61243965753437
rcp85,2094,MPI-ESM-LR,low,32.66544677885661
rcp85,2095,MPI-ESM-LR,low,16.666187325016608
rcp85,2096,MPI-ESM-LR,low,24.527093520556495
rcp85,2097,MPI-ESM-LR,low,31.57939151615352
rcp85,2098,MPI-ESM-LR,low,25.406664857766657
rcp85,2099,MPI-ESM-LR,low,27.36071566206949
rcp85,2090,surrogate_GFDL-ESM2G_11,high,22.181658163060646
rcp85,2091,surrogate_GFDL-ESM2G_11,high,26.424059222388596
rcp85,2092,surrogate_GFDL-ESM2G_11,high,22.53314268519276
rcp85,2093,surrogate_GFDL-ESM2G_11,high,21.799556895159334
rcp85,2094,surrogate_GFDL-ESM2G_11,high,19.04295197053146
rcp85,2095,surrogate_GFDL-ESM2G_11,high,29.004200393142582
rcp85,2096,surrogate_GFDL-ESM2G_11,high,18.710978886586524
rcp85,2097,surrogate_GFDL-ESM2G_11,high,19.280456973523542
rcp85,2098,surrogate_GFDL-ESM2G_11,high,21.479879932168572
rcp85,2099,surrogate_GFDL-ESM2G_11,high,17.667052343892795
rcp85,2090,surrogate_MRI-CGCM3_06,low,14.618270851231543
rcp85,2091,surrogate_MRI-CGCM3_06,low,10.234504678441732
rcp85,2092,surrogate_MRI-CGCM3_06,low,21.813457890083026
rcp85,2093,surrogate_MRI-CGCM3_06,low,21.50513218044265
rcp85,2094,surrogate_MRI-CGCM3_06,low,17.567715548528522
rcp85,2095,surrogate_MRI-CGCM3_06,low,21.21436863311329
rcp85,2096,surrogate_MRI-CGCM3_06,low,22.780952504555593
rcp85,2097,surrogate_MRI-CGCM3_06,low,17.9351231133888
rcp85,2098,surrogate_MRI-CGCM3_06,low,22.186709391024856
rcp85,2099,surrogate_MRI-CGCM3_06,low,21.870235560343296
rcp85,2090,MIROC5,low,42.133444347381385
rcp85,2091,MIROC5,low,33.268500354722455
rcp85,2092,MIROC5,low,36.33149805761179
rcp85,2093,MIROC5,low,53.424923536345204
rcp85,2094,MIROC5,low,38.041632924447775
rcp85,2095,MIROC5,low,45.17812453869326
rcp85,2096,MIROC5,low,47.294557923321676
rcp85,2097,MIROC5,low,40.329945820622
rcp85,2098,MIROC5,low,48.015015579659206
rcp85,2099,MIROC5,low,42.95104669067623
rcp85,2090,surrogate_CanESM2_94,low,63.01016174036901
rcp85,2091,surrogate_CanESM2_94,low,50.694723147048556
rcp85,2092,surrogate_CanESM2_94,low,68.6137909051123
rcp85,2093,surrogate_CanESM2_94,low,67.6415501599578
rcp85,2094,surrogate_CanESM2_94,low,67.08565824179479
rcp85,2095,surrogate_CanESM2_94,low,69.77911075307442
rcp85,2096,surrogate_CanESM2_94,low,69.02592518673765
rcp85,2097,surrogate_CanESM2_94,low,75.89844383044422
rcp85,2098,surrogate_CanESM2_94,low,66.78744510610495
rcp85,2099,surrogate_CanESM2_94,low,76.23529613597738
rcp85,2090,surrogate_GFDL-CM3_89,low,75.74379764549062
rcp85,2091,surrogate_GFDL-CM3_89,low,67.49596349634527
rcp85,2092,surrogate_GFDL-CM3_89,low,85.05258424446856
rcp85,2093,surrogate_GFDL-CM3_89,low,79.85931481593332
rcp85,2094,surrogate_GFDL-CM3_89,low,88.7532469419554
rcp85,2095,surrogate_GFDL-CM3_89,low,92.07629727096828
rcp85,2096,surrogate_GFDL-CM3_89,low,85.78140483523991
rcp85,2097,surrogate_GFDL-CM3_89,low,101.87788213712024
rcp85,2098,surrogate_GFDL-CM3_89,low,102.15837705946565
rcp85,2099,surrogate_GFDL-CM3_89,low,97.72336388296623
rcp85,2090,bcc-csm1-1,high,35.825400428675316
rcp85,2091,bcc-csm1-1,high,34.533496340944446
rcp85,2092,bcc-csm1-1,high,38.24150822487998
rcp85,2093,bcc-csm1-1,high,37.21001089404671
rcp85,2094,bcc-csm1-1,high,29.617735072456806
rcp85,2095,bcc-csm1-1,high,35.94508184243257
rcp85,2096,bcc-csm1-1,high,40.88402816944499
rcp85,2097,bcc-csm1-1,high,33.609516615511176
rcp85,2098,bcc-csm1-1,high,35.626057881023016
rcp85,2099,bcc-csm1-1,high,30.551118721137783
rcp85,2090,surrogate_CanESM2_94,high,55.330497340070075
rcp85,2091,surrogate_CanESM2_94,high,44.69265405445964
rcp85,2092,surrogate_CanESM2_94,high,60.10002400237503
rcp85,2093,surrogate_CanESM2_94,high,59.17295633442281
rcp85,2094,surrogate_CanESM2_94,high,58.71994135190067
rcp85,2095,surrogate_CanESM2_94,high,60.99364771568594
rcp85,2096,surrogate_CanESM2_94,high,60.297636757400156
rcp85,2097,surrogate_CanESM2_94,high,66.1730788032037
rcp85,2098,surrogate_CanESM2_94,high,58.32065306681604
rcp85,2099,surrogate_CanESM2_94,high,66.36055796992466
rcp85,2090,surrogate_GFDL-CM3_99,low,142.36073851274818
rcp85,2091,surrogate_GFDL-CM3_99,low,133.62099726068445
rcp85,2092,surrogate_GFDL-CM3_99,low,157.01211319741606
rcp85,2093,surrogate_GFDL-CM3_99,low,153.45960169299354
rcp85,2094,surrogate_GFDL-CM3_99,low,165.3946999434156
rcp85,2095,surrogate_GFDL-CM3_99,low,171.84989687338873
rcp85,2096,surrogate_GFDL-CM3_99,low,165.36469222474685
rcp85,2097,surrogate_GFDL-CM3_99,low,187.47593673697202
rcp85,2098,surrogate_GFDL-CM3_99,low,193.03856456286255
rcp85,2099,surrogate_GFDL-CM3_99,low,191.55177569453093
rcp85,2090,MIROC-ESM-CHEM,low,58.71694096918849
rcp85,2091,MIROC-ESM-CHEM,low,66.04979459526365
rcp85,2092,MIROC-ESM-CHEM,low,72.51427675630197
rcp85,2093,MIROC-ESM-CHEM,low,73.41763712012633
rcp85,2094,MIROC-ESM-CHEM,low,72.9468027440386
rcp85,2095,MIROC-ESM-CHEM,low,84.58777787463399
rcp85,2096,MIROC-ESM-CHEM,low,80.65327601139875
rcp85,2097,MIROC-ESM-CHEM,low,86.95474126995573
rcp85,2098,MIROC-ESM-CHEM,low,86.18727761779408
rcp85,2099,MIROC-ESM-CHEM,low,87.99948931821436
rcp85,2090,MIROC-ESM,high,53.71728767694242
rcp85,2091,MIROC-ESM,high,55.00573996251285
rcp85,2092,MIROC-ESM,high,47.01756928479424
rcp85,2093,MIROC-ESM,high,55.53695947289998
rcp85,2094,MIROC-ESM,high,49.62139168631141
rcp85,2095,MIROC-ESM,high,67.26554500038155
rcp85,2096,MIROC-ESM,high,56.053935921384955
rcp85,2097,MIROC-ESM,high,59.162503639267285
rcp85,2098,MIROC-ESM,high,59.68588168251431
rcp85,2099,MIROC-ESM,high,55.863094458083815
rcp85,2090,IPSL-CM5A-LR,high,36.25749406554384
rcp85,2091,IPSL-CM5A-LR,high,48.79296305935212
rcp85,2092,IPSL-CM5A-LR,high,43.48173305912877
rcp85,2093,IPSL-CM5A-LR,high,48.363227310791395
rcp85,2094,IPSL-CM5A-LR,high,46.600586135647006
rcp85,2095,IPSL-CM5A-LR,high,53.33492762116775
rcp85,2096,IPSL-CM5A-LR,high,56.00865777241456
rcp85,2097,IPSL-CM5A-LR,high,48.11144811352141
rcp85,2098,IPSL-CM5A-LR,high,50.79280569682511
rcp85,2099,IPSL-CM5A-LR,high,56.64298381971366
rcp85,2090,GFDL-ESM2M,low,29.473571547570398
rcp85,2091,GFDL-ESM2M,low,23.97734246350867
rcp85,2092,GFDL-ESM2M,low,35.16046541870093
rcp85,2093,GFDL-ESM2M,low,36.79958500154024
rcp85,2094,GFDL-ESM2M,low,34.723875099311115
rcp85,2095,GFDL-ESM2M,low,30.761107762984608
rcp85,2096,GFDL-ESM2M,low,31.712842779701656
rcp85,2097,GFDL-ESM2M,low,37.827743385075124
rcp85,2098,GFDL-ESM2M,low,34.27664840374889
rcp85,2099,GFDL-ESM2M,low,32.65362036762146
rcp85,2090,surrogate_CanESM2_99,high,81.50410049115774
rcp85,2091,surrogate_CanESM2_99,high,70.19333479542148
rcp85,2092,surrogate_CanESM2_99,high,88.11695177189057
rcp85,2093,surrogate_CanESM2_99,high,87.38136767248918
rcp85,2094,surrogate_CanESM2_99,high,87.6368516224725
rcp85,2095,surrogate_CanESM2_99,high,91.20060580608502
rcp85,2096,surrogate_CanESM2_99,high,91.83166295393119
rcp85,2097,surrogate_CanESM2_99,high,100.95002448513353
rcp85,2098,surrogate_CanESM2_99,high,92.18401529103713
rcp85,2099,surrogate_CanESM2_99,high,100.01792115540495
rcp85,2090,surrogate_MRI-CGCM3_06,high,12.753738858447909
rcp85,2091,surrogate_MRI-CGCM3_06,high,9.00983796091119
rcp85,2092,surrogate_MRI-CGCM3_06,high,18.929431264778934
rcp85,2093,surrogate_MRI-CGCM3_06,high,18.62896219931186
rcp85,2094,surrogate_MRI-CGCM3_06,high,15.259283743685442
rcp85,2095,surrogate_MRI-CGCM3_06,high,18.36590996878553
rcp85,2096,surrogate_MRI-CGCM3_06,high,19.659525948027543
rcp85,2097,surrogate_MRI-CGCM3_06,high,15.54599190991966
rcp85,2098,surrogate_MRI-CGCM3_06,high,19.141604242784094
rcp85,2099,surrogate_MRI-CGCM3_06,high,18.851822532754703
rcp85,2090,CESM1-BGC,high,25.220263649555786
rcp85,2091,CESM1-BGC,high,28.09227590190617
rcp85,2092,CESM1-BGC,high,26.074076837386052
rcp85,2093,CESM1-BGC,high,36.18011182155313
rcp85,2094,CESM1-BGC,high,31.22188521424342
rcp85,2095,CESM1-BGC,high,33.23186144002058
rcp85,2096,CESM1-BGC,high,29.397840876112834
rcp85,2097,CESM1-BGC,high,28.51770643205642
rcp85,2098,CESM1-BGC,high,26.277417949547782
rcp85,2099,CESM1-BGC,high,26.753663910848925
rcp85,2090,inmcm4,low,25.770855280748656
rcp85,2091,inmcm4,low,13.444199692448219
rcp85,2092,inmcm4,low,8.089041131742889
rcp85,2093,inmcm4,low,20.899603580705286
rcp85,2094,inmcm4,low,15.691995358212452
rcp85,2095,inmcm4,low,14.302934908883369
rcp85,2096,inmcm4,low,22.33269299242811
rcp85,2097,inmcm4,low,11.534427298699764
rcp85,2098,inmcm4,low,17.735443168614385
rcp85,2099,inmcm4,low,30.647464084347902
rcp85,2090,surrogate_MRI-CGCM3_11,low,15.741453806935674
rcp85,2091,surrogate_MRI-CGCM3_11,low,11.339547577110137
rcp85,2092,surrogate_MRI-CGCM3_11,low,23.03818765067444
rcp85,2093,surrogate_MRI-CGCM3_11,low,22.73962816730447
rcp85,2094,surrogate_MRI-CGCM3_11,low,18.800259146276595
rcp85,2095,surrogate_MRI-CGCM3_11,low,22.545468381903888
rcp85,2096,surrogate_MRI-CGCM3_11,low,24.171919811898903
rcp85,2097,surrogate_MRI-CGCM3_11,low,19.22003058882626
rcp85,2098,surrogate_MRI-CGCM3_11,low,23.442223623059792
rcp85,2099,surrogate_MRI-CGCM3_11,low,23.333143561552223
rcp85,2090,MIROC5,high,36.91447125112376
rcp85,2091,MIROC5,high,29.235075367565617
rcp85,2092,MIROC5,high,31.80685477134988
rcp85,2093,MIROC5,high,46.58551028269373
rcp85,2094,MIROC5,high,33.274668456666426
rcp85,2095,MIROC5,high,39.41364217158273
rcp85,2096,MIROC5,high,41.176843729490486
rcp85,2097,MIROC5,high,35.122561751234514
rcp85,2098,MIROC5,high,41.68671421321225
rcp85,2099,MIROC5,high,37.39476364296203
rcp85,2090,surrogate_MRI-CGCM3_01,low,12.528663456470996
rcp85,2091,surrogate_MRI-CGCM3_01,low,8.08526243963715
rcp85,2092,surrogate_MRI-CGCM3_01,low,19.33908157197473
rcp85,2093,surrogate_MRI-CGCM3_01,low,19.023527702996358
rcp85,2094,surrogate_MRI-CGCM3_01,low,15.197866571130156
rcp85,2095,surrogate_MRI-CGCM3_01,low,18.638757612184524
rcp85,2096,surrogate_MRI-CGCM3_01,low,20.08979989753392
rcp85,2097,surrogate_MRI-CGCM3_01,low,15.034580373598647
rcp85,2098,surrogate_MRI-CGCM3_01,low,19.389015956892113
rcp85,2099,surrogate_MRI-CGCM3_01,low,19.09055181642286
rcp85,2090,NorESM1-M,low,45.42912153502272
rcp85,2091,NorESM1-M,low,40.378948180040595
rcp85,2092,NorESM1-M,low,28.59201513225196
rcp85,2093,NorESM1-M,low,32.16786424384039
rcp85,2094,NorESM1-M,low,31.1556133368458
rcp85,2095,NorESM1-M,low,35.37873061348419
rcp85,2096,NorESM1-M,low,42.48195572763009
rcp85,2097,NorESM1-M,low,34.30079934423108
rcp85,2098,NorESM1-M,low,44.70050330469369
rcp85,2099,NorESM1-M,low,49.417182759175866
rcp85,2090,GFDL-ESM2M,high,25.832944912619975
rcp85,2091,GFDL-ESM2M,high,21.07755624044906
rcp85,2092,GFDL-ESM2M,high,30.699713550556428
rcp85,2093,GFDL-ESM2M,high,32.107825068066404
rcp85,2094,GFDL-ESM2M,high,30.266673878620036
rcp85,2095,GFDL-ESM2M,high,26.86377678892174
rcp85,2096,GFDL-ESM2M,high,27.629897857379504
rcp85,2097,GFDL-ESM2M,high,32.847787157806586
rcp85,2098,GFDL-ESM2M,high,29.769225212819507
rcp85,2099,GFDL-ESM2M,high,28.342432324090595
rcp85,2090,MRI-CGCM3,high,19.69705135712869
rcp85,2091,MRI-CGCM3,high,15.643977560176712
rcp85,2092,MRI-CGCM3,high,26.272444552522927
rcp85,2093,MRI-CGCM3,high,26.569248948210415
rcp85,2094,MRI-CGCM3,high,22.093121577996126
rcp85,2095,MRI-CGCM3,high,26.091691924735827
rcp85,2096,MRI-CGCM3,high,27.244914898948526
rcp85,2097,MRI-CGCM3,high,23.899632162108578
rcp85,2098,MRI-CGCM3,high,26.275865222307633
rcp85,2099,MRI-CGCM3,high,26.52592435581785
rcp85,2090,inmcm4,high,22.361852353857874
rcp85,2091,inmcm4,high,11.706441068615968
rcp85,2092,inmcm4,high,7.154134331578719
rcp85,2093,inmcm4,high,18.166725807094814
rcp85,2094,inmcm4,high,13.63081843813459
rcp85,2095,inmcm4,high,12.455257984326687
rcp85,2096,inmcm4,high,19.289430102521905
rcp85,2097,inmcm4,high,10.080778066036634
rcp85,2098,inmcm4,high,15.372307109735479
rcp85,2099,inmcm4,high,26.27777986341579
rcp85,2090,surrogate_GFDL-CM3_94,low,91.09969799320984
rcp85,2091,surrogate_GFDL-CM3_94,low,82.53591692884235
rcp85,2092,surrogate_GFDL-CM3_94,low,101.25451857762941
rcp85,2093,surrogate_GFDL-CM3_94,low,96.14526764812905
rcp85,2094,surrogate_GFDL-CM3_94,low,105.37717673675802
rcp85,2095,surrogate_GFDL-CM3_94,low,108.91916938972655
rcp85,2096,surrogate_GFDL-CM3_94,low,101.83159996903213
rcp85,2097,surrogate_GFDL-CM3_94,low,118.08216696464964
rcp85,2098,surrogate_GFDL-CM3_94,low,118.94871329415857
rcp85,2099,surrogate_GFDL-CM3_94,low,115.1244005833167
rcp85,2090,BNU-ESM,low,39.19575056530839
rcp85,2091,BNU-ESM,low,46.42993401801484
rcp85,2092,BNU-ESM,low,42.34859241304342
rcp85,2093,BNU-ESM,low,42.82442742698476
rcp85,2094,BNU-ESM,low,42.72303706228558
rcp85,2095,BNU-ESM,low,44.50729967238309
rcp85,2096,BNU-ESM,low,46.54217790720723
rcp85,2097,BNU-ESM,low,44.11932411433387
rcp85,2098,BNU-ESM,low,42.418601342994236
rcp85,2099,BNU-ESM,low,44.43289718590563
rcp85,2090,MRI-CGCM3,low,22.529422366291538
rcp85,2091,MRI-CGCM3,low,17.808547045868682
rcp85,2092,MRI-CGCM3,low,30.181756432235574
rcp85,2093,MRI-CGCM3,low,30.595673042372173
rcp85,2094,MRI-CGCM3,low,25.377886867939743
rcp85,2095,MRI-CGCM3,low,30.088516912660463
rcp85,2096,MRI-CGCM3,low,31.45782581535445
rcp85,2097,MRI-CGCM3,low,27.52812456445869
rcp85,2098,MRI-CGCM3,low,30.353844530698865
rcp85,2099,MRI-CGCM3,low,30.705138367029555
rcp85,2090,BNU-ESM,high,34.44524189303508
rcp85,2091,BNU-ESM,high,40.58106734645443
rcp85,2092,BNU-ESM,high,37.11036005084215
rcp85,2093,BNU-ESM,high,37.54504584714592
rcp85,2094,BNU-ESM,high,37.29248561639949
rcp85,2095,BNU-ESM,high,38.86112967280655
rcp85,2096,BNU-ESM,high,40.60953790407089
rcp85,2097,BNU-ESM,high,38.532759383044414
rcp85,2098,BNU-ESM,high,36.99304158440374
rcp85,2099,BNU-ESM,high,38.63479185299328
rcp85,2090,MPI-ESM-MR,low,22.137889934313748
rcp85,2091,MPI-ESM-MR,low,37.686605927110875
rcp85,2092,MPI-ESM-MR,low,13.99420603497713
rcp85,2093,MPI-ESM-MR,low,26.071200984176844
rcp85,2094,MPI-ESM-MR,low,17.732031060233012
rcp85,2095,MPI-ESM-MR,low,28.851460677048518
rcp85,2096,MPI-ESM-MR,low,27.037001219099633
rcp85,2097,MPI-ESM-MR,low,33.69455469985164
rcp85,2098,MPI-ESM-MR,low,36.75857198804654
rcp85,2099,MPI-ESM-MR,low,24.104144629907616
